ProductType,term,amount,Secured,coApplicant,CreditScore,Residency,CitizenOrNot,visaSubclass,visaTimeLeftInMonths,age,LoanPurpose,RepaymentFrequency,interest_rate
0,72,12855,0,1,276,0,1,12,10,51,5,1,22.9
0,60,9629,1,1,1064,2,1,65,22,68,3,0,22.49
1,60,5255,0,0,1181,0,0,39,25,32,1,1,16.0
0,36,7802,1,1,667,0,0,51,20,60,2,1,16.46
1,24,12447,0,0,254,1,0,29,34,30,2,2,18.06
1,60,13484,1,1,989,1,0,57,32,41,3,2,17.22
1,84,9851,0,0,299,0,1,90,32,39,5,2,18.77
0,60,8316,1,0,1069,1,1,95,19,31,3,1,21.79
0,24,5802,1,0,326,1,1,67,2,56,2,1,22.25
0,36,12287,1,0,1074,1,0,23,31,57,5,1,24.57
0,36,8098,0,0,439,2,0,99,16,45,6,2,24.74
0,48,7343,1,0,804,2,1,48,0,26,4,1,20.72
0,48,11454,0,0,791,1,0,22,17,59,4,0,24.03
0,12,5183,0,1,147,2,1,10,10,50,5,0,24.51
0,84,7388,0,0,469,1,1,0,35,55,3,2,23.51
1,72,10057,1,1,1110,0,0,61,1,36,4,0,23.75
1,48,11265,1,0,218,1,1,34,0,28,3,0,23.89
0,72,6165,0,0,240,0,0,64,22,47,6,1,21.8
0,48,11154,0,0,798,2,0,3,8,59,6,1,17.42
1,12,13282,0,0,247,0,0,19,25,27,6,2,16.02
0,24,5444,0,1,566,1,0,97,18,38,5,0,16.89
0,72,9825,0,1,223,2,0,83,19,63,6,1,15.57
0,60,14002,1,1,41,0,0,98,35,43,0,1,19.02
1,84,13173,1,0,647,2,0,33,8,60,4,1,18.37
1,12,8172,1,1,1035,1,0,21,31,67,5,1,24.23
1,12,10025,0,0,103,0,1,20,31,68,5,1,17.55
0,84,8284,1,0,1036,0,0,84,27,52,3,1,21.27
0,84,8319,0,0,733,0,0,62,29,19,1,0,18.46
1,12,7683,1,1,973,1,0,78,4,69,6,2,18.66
0,24,6660,1,1,872,2,1,6,1,49,1,1,19.51
0,72,13007,1,0,818,2,0,43,24,34,4,1,23.54
1,72,13071,1,0,821,2,1,71,31,18,1,0,21.8
0,72,10396,1,0,809,2,0,35,17,69,4,1,15.73
1,72,14993,0,1,305,0,0,26,15,47,2,2,18.26
0,36,9991,0,1,1079,2,0,92,9,46,2,0,21.96
1,24,6418,1,0,139,2,0,70,6,62,4,2,18.36
1,48,7609,0,0,152,1,1,89,5,63,0,2,21.15
1,24,10615,0,1,722,1,0,58,5,39,1,2,17.99
0,24,6362,1,1,371,0,1,96,31,55,2,2,19.22
0,48,14893,1,0,1193,2,0,40,23,26,6,0,20.13
0,24,7370,0,1,501,1,0,24,2,35,6,0,21.05
1,72,13872,0,1,1130,2,0,9,7,66,2,0,23.83
0,48,5992,0,1,1095,1,0,17,9,66,2,2,21.03
0,24,11729,0,0,1034,1,0,33,10,43,5,0,20.88
0,36,13243,1,1,543,1,0,25,8,26,1,1,21.18
0,72,6159,1,0,734,1,1,95,3,26,0,1,21.85
1,60,6308,0,0,1028,2,1,57,25,35,1,1,15.46
1,84,8770,1,0,811,1,0,57,27,45,4,1,18.62
1,24,9128,0,1,636,0,0,59,28,30,3,2,15.73
0,36,13354,1,1,110,1,1,48,28,32,1,1,24.25
1,24,6884,0,0,470,0,0,49,19,70,6,0,18.9
0,72,6077,1,1,1098,1,1,24,8,21,4,2,22.81
0,48,9283,0,0,1058,1,1,45,15,26,6,2,16.23
0,60,7206,1,0,956,2,0,2,20,28,4,0,17.64
1,48,9907,1,0,578,0,0,5,12,38,3,2,15.78
0,72,9013,0,1,1048,0,0,10,22,55,2,2,24.06
1,24,7789,1,0,635,1,0,27,21,22,3,2,19.96
1,72,13664,0,0,364,1,0,97,27,48,2,2,23.57
0,84,12894,1,0,59,2,0,70,22,33,3,2,24.36
1,48,11182,1,0,638,1,0,61,30,21,0,1,17.7
0,24,14197,1,0,256,2,0,18,3,43,2,1,19.54
0,36,12430,1,0,744,2,1,72,19,26,1,1,15.44
1,12,13487,0,0,194,1,1,94,0,40,6,2,17.54
1,24,8632,1,1,979,1,0,86,26,34,4,1,24.39
1,72,9030,0,1,225,1,0,85,24,59,0,2,24.04
1,84,11915,0,0,618,0,0,69,24,57,6,2,23.16
0,84,12282,0,1,229,1,0,46,33,30,3,0,18.11
0,36,10060,1,0,485,0,1,82,9,28,2,1,19.71
1,24,7521,0,1,607,2,0,32,35,41,2,2,18.71
1,60,5652,0,1,43,2,0,75,0,61,3,1,19.71
1,12,10824,1,0,498,1,0,4,12,27,0,2,22.49
0,84,10071,0,1,954,0,0,5,14,43,6,1,17.67
1,60,7869,1,0,13,2,1,29,29,31,0,2,19.23
0,48,7628,1,1,196,0,1,4,17,58,6,2,17.34
0,72,14339,0,0,58,2,1,0,5,39,4,2,19.82
0,24,7106,0,1,1160,2,0,62,17,62,4,2,20.12
1,24,5927,0,1,727,1,1,79,6,52,0,2,21.28
0,24,7680,1,1,501,2,1,18,12,54,5,0,21.05
0,36,10469,1,1,346,0,1,9,26,41,4,2,15.2
0,72,7136,1,1,623,2,0,68,17,37,6,0,16.87
0,48,13457,0,1,994,0,0,16,7,43,2,0,23.91
1,48,5843,0,1,342,2,1,80,15,49,2,1,21.65
1,84,13726,1,1,1103,0,1,4,17,30,5,1,22.89
1,60,11707,1,0,194,2,0,32,6,44,5,1,16.09
1,36,9347,0,1,299,0,1,11,7,68,4,1,16.12
0,36,5565,0,0,255,0,0,68,13,36,5,2,23.83
1,84,7353,0,0,905,2,0,6,11,30,4,1,18.89
1,24,7636,0,1,442,1,0,59,34,58,1,1,21.11
0,84,12007,1,0,657,2,1,28,20,40,5,1,21.28
1,12,8340,0,0,1008,1,0,35,26,38,4,2,19.37
1,84,14695,0,1,626,0,0,46,23,70,1,1,18.26
0,84,8787,1,1,250,0,1,85,21,53,5,2,17.86
1,24,8201,0,1,839,1,0,66,15,33,1,2,23.7
1,36,13149,0,0,329,2,1,40,36,66,3,1,15.53
0,12,6390,1,0,561,2,1,42,7,37,4,2,16.95
1,60,13678,0,0,26,0,0,46,26,39,6,1,15.63
0,72,5930,0,1,654,0,1,86,23,32,5,1,20.2
1,36,13503,1,1,46,1,0,97,24,22,0,1,24.04
0,12,9065,1,1,694,1,1,23,2,33,3,0,22.64
0,36,10272,1,0,721,1,0,96,9,46,4,2,17.37
0,84,6366,1,0,514,2,1,99,27,21,1,0,23.32
1,12,7817,0,0,736,1,0,20,20,43,4,0,24.45
0,12,11843,0,0,712,0,1,24,1,48,1,1,16.19
0,48,6009,0,0,1128,2,0,53,14,46,0,0,17.46
1,84,6896,1,0,376,0,1,92,30,32,5,1,22.9
0,12,10290,0,0,295,1,1,32,28,69,0,0,19.21
0,12,11622,1,0,655,2,1,72,9,27,6,2,17.91
1,36,9774,0,1,958,0,1,91,0,18,0,1,22.31
1,12,10015,1,0,525,2,1,91,24,27,2,1,16.65
1,60,8171,1,1,48,1,0,81,16,49,0,2,19.28
1,84,11761,0,1,194,0,0,77,13,23,2,2,19.97
1,48,6550,1,1,57,0,1,28,21,33,2,0,20.81
1,12,10898,1,0,867,1,1,6,10,63,4,2,18.55
0,48,12941,1,0,367,2,0,27,7,38,5,0,17.27
0,60,5603,1,0,796,0,0,93,14,34,2,2,23.08
1,48,6654,1,1,366,0,0,91,36,49,5,1,22.43
0,48,12626,1,1,636,2,0,27,4,27,4,0,21.79
0,72,10708,0,1,114,0,0,12,3,40,6,2,24.34
0,60,11851,0,0,711,1,1,92,0,69,4,2,17.4
1,48,11155,1,0,606,0,1,9,27,65,5,2,23.45
1,24,5925,0,1,8,2,0,7,28,59,2,2,18.64
1,60,9537,1,1,1104,2,1,63,29,58,3,2,23.55
0,48,9700,0,1,598,0,1,7,34,23,5,2,24.34
1,60,11704,0,0,987,2,1,15,1,32,2,0,24.16
1,72,13997,0,1,526,2,0,18,35,62,1,2,22.41
1,48,5052,1,1,1043,1,1,83,18,50,0,2,18.98
0,72,7251,1,0,1147,0,1,31,17,44,1,1,17.54
0,72,9970,1,0,389,2,0,99,28,27,6,2,22.39
1,72,12482,1,0,175,2,1,6,10,48,5,2,21.43
0,60,7268,0,0,1200,2,0,67,20,37,2,2,16.64
0,84,13529,0,1,193,1,1,73,22,63,0,1,18.91
1,48,11422,1,1,597,1,0,14,10,67,0,0,24.14
1,60,11174,0,0,902,2,0,16,11,59,1,2,20.7
1,48,5549,0,1,576,0,0,39,13,33,0,0,19.21
1,12,6670,1,0,934,1,1,67,16,49,2,0,20.87
1,36,12254,0,0,778,1,1,92,18,25,5,0,16.99
0,36,12477,0,0,782,0,0,92,11,33,1,1,20.75
0,48,13995,1,0,341,1,1,83,11,32,2,1,24.39
1,60,13826,1,0,759,2,1,22,20,51,0,1,21.38
0,60,5721,0,1,1117,2,1,20,4,43,2,2,22.64
0,36,12344,1,0,1182,0,1,67,1,27,0,2,24.76
1,36,5568,1,0,462,2,1,77,2,51,5,2,19.73
0,24,13076,1,1,190,0,1,99,14,63,6,1,15.59
0,24,10175,0,1,988,2,1,10,33,67,5,1,20.82
0,24,8368,0,0,183,2,1,88,26,19,4,0,15.55
0,48,13789,1,1,31,2,0,13,28,45,1,1,15.26
0,12,5583,0,1,1165,0,0,80,28,30,2,2,17.36
1,36,7677,1,1,210,2,0,96,26,25,1,0,24.69
0,12,10443,1,0,607,1,1,73,10,33,1,2,19.47
0,84,6653,0,1,1061,2,0,63,36,43,3,2,18.29
1,48,8101,0,1,381,0,0,90,31,48,0,0,18.76
1,12,12825,1,0,808,0,0,8,30,47,6,1,24.98
0,72,7755,0,0,992,0,0,68,28,64,0,2,16.28
0,84,8514,1,0,1189,2,0,88,25,34,2,0,23.69
0,60,14182,1,1,1087,1,0,18,32,53,3,2,21.23
0,72,5249,1,0,943,2,1,25,24,43,0,0,23.63
1,60,11672,0,0,876,2,1,31,11,46,4,0,21.8
1,72,7953,0,0,663,2,1,4,32,62,0,1,24.63
1,60,5492,1,0,66,1,1,52,21,62,0,0,20.73
0,36,9671,0,0,38,0,1,95,26,35,3,1,19.18
1,84,9485,0,0,1040,0,0,25,28,62,1,2,20.42
1,36,8511,1,0,1039,2,0,19,8,48,3,2,16.23
1,84,8506,1,1,1029,0,1,6,7,24,1,1,15.47
1,24,11271,1,1,354,2,0,31,17,49,3,0,20.54
0,84,12637,0,1,275,2,1,40,33,67,3,1,22.5
0,24,14634,1,0,839,2,1,64,9,19,5,2,16.56
0,60,8890,0,1,937,0,0,6,9,48,3,2,15.31
1,12,6933,1,0,898,1,0,3,2,20,6,0,21.51
0,48,8244,1,0,905,1,0,46,30,39,6,0,19.74
1,60,5541,1,0,314,0,0,28,22,33,3,2,24.27
1,24,8221,1,0,973,0,1,69,12,50,3,2,17.22
0,12,6864,1,0,695,0,0,44,4,30,0,1,16.79
1,12,10295,1,0,306,2,1,8,29,58,6,1,24.92
1,48,5534,0,0,296,2,1,78,32,32,4,2,24.13
0,36,13643,1,0,958,1,1,13,13,45,0,1,16.01
1,84,13218,0,0,1113,1,1,51,32,47,4,1,16.5
1,84,7131,1,0,1046,2,0,60,16,34,0,1,21.66
0,48,10545,0,1,1161,0,0,93,8,47,3,1,15.86
1,60,6938,1,1,781,2,0,74,32,44,0,1,20.14
1,72,12236,1,1,1169,1,1,36,32,55,4,0,21.78
1,84,13728,1,0,915,0,0,22,22,40,2,1,16.02
0,48,5159,0,1,642,2,0,4,26,63,2,1,22.89
0,60,11623,0,1,367,2,0,84,3,34,0,1,19.7
0,24,11417,0,0,872,1,1,7,34,33,6,0,17.59
0,84,8757,1,1,570,1,1,51,24,47,5,1,23.83
0,12,14930,1,1,1005,1,0,1,8,47,4,0,24.24
0,72,9348,0,0,652,1,1,11,4,35,1,0,21.9
0,12,10631,0,1,867,0,0,51,33,61,5,0,21.41
0,60,9362,0,1,900,0,1,35,16,52,1,2,19.13
1,36,13020,0,1,947,2,1,34,14,28,4,0,20.97
1,48,8263,1,0,966,0,1,28,10,27,4,1,23.25
0,48,7441,1,1,580,1,0,3,16,55,4,0,19.44
0,48,9672,0,0,1040,1,0,99,17,46,4,0,22.87
1,24,12710,0,1,1083,0,0,1,18,67,5,1,17.35
1,84,5333,1,1,662,0,0,50,4,44,5,1,17.16
1,48,12839,0,1,741,0,1,92,30,18,2,0,15.61
0,60,10149,0,1,399,2,1,47,10,56,0,2,19.86
1,60,14426,1,0,383,2,0,28,16,69,5,1,17.75
1,72,12286,0,1,365,0,0,11,35,61,3,0,16.71
0,84,12545,1,1,686,1,0,0,24,66,0,2,21.64
1,24,9765,1,1,839,1,0,74,29,52,5,2,18.48
1,36,6976,0,0,369,0,1,57,10,68,6,2,16.28
1,48,13145,0,0,538,0,0,62,22,69,2,1,21.32
0,24,5657,0,1,523,1,0,68,21,41,3,0,23.99
0,24,11863,0,0,1011,0,1,16,16,23,3,1,22.88
1,72,14607,0,1,275,1,0,26,2,50,2,2,22.32
0,72,12333,0,0,874,1,1,22,31,27,1,1,22.2
0,48,14399,1,1,927,0,1,30,8,51,1,0,15.75
1,48,13536,0,0,298,1,1,54,13,68,4,1,22.22
0,48,7637,0,0,756,2,0,5,18,21,2,0,23.33
1,24,6954,1,1,1186,0,0,50,12,48,2,2,21.35
0,24,8530,0,0,442,2,1,49,21,68,1,1,18.93
0,36,5554,0,0,603,2,0,54,34,37,5,1,15.23
0,60,7230,1,1,946,2,1,37,14,51,0,0,22.63
0,12,7941,0,1,38,0,1,13,28,21,3,2,22.44
0,36,6743,0,1,270,0,0,86,2,63,3,2,15.44
1,24,8241,1,0,171,0,0,25,20,20,6,2,23.37
1,24,9871,0,1,967,2,0,90,24,46,2,2,22.93
1,60,13552,0,1,520,0,1,78,20,24,0,2,23.19
0,12,5192,0,1,664,2,0,69,23,40,6,1,21.75
1,24,14837,1,1,1092,2,1,2,21,60,5,1,23.73
0,12,6807,0,1,308,0,0,68,20,32,6,2,15.83
0,36,9425,1,0,1199,0,1,41,31,55,6,2,22.16
1,60,11018,1,1,226,2,1,72,25,25,6,1,15.01
1,12,11321,1,0,761,2,1,85,24,54,2,0,21.7
0,72,6064,1,0,26,1,1,64,35,53,0,1,15.68
0,24,11646,1,1,741,2,0,37,2,23,6,0,20.0
0,36,11130,0,1,1004,1,1,0,32,47,4,0,24.06
1,84,9133,0,0,686,0,1,49,28,41,3,1,22.91
1,72,12499,0,0,12,0,1,71,10,68,3,1,22.13
1,36,13570,0,0,7,0,0,97,19,47,4,1,16.2
1,24,13737,0,1,347,1,0,55,35,62,3,2,18.28
0,84,6724,0,1,735,0,0,47,27,63,5,1,23.42
1,24,7778,0,1,171,1,0,73,36,55,1,2,17.71
0,84,12668,0,1,189,1,1,0,27,63,0,1,16.76
0,24,10603,1,0,754,2,1,4,18,60,2,0,19.3
1,84,8781,1,0,259,0,1,60,20,35,2,0,18.5
1,36,6196,1,0,964,1,1,9,10,52,5,1,17.99
1,12,14935,1,0,535,0,0,59,2,56,3,2,22.04
1,84,7353,1,0,774,1,1,96,26,40,4,0,24.07
1,84,10251,1,0,1014,0,0,73,23,46,1,2,19.93
1,84,13734,1,1,1045,0,1,2,0,54,0,1,18.24
1,60,14519,1,0,589,2,1,41,21,51,0,0,20.34
1,36,5727,1,1,98,1,0,97,3,18,3,2,23.29
0,60,10895,1,0,287,0,1,33,4,29,5,1,21.39
1,72,13405,1,1,446,2,1,76,10,39,4,0,21.07
0,12,11200,0,1,485,0,1,23,18,28,6,1,21.81
0,60,8211,0,1,479,1,1,81,14,51,5,0,23.27
1,24,9722,1,1,963,0,0,4,31,48,2,0,21.31
1,84,10322,0,0,687,0,0,81,13,48,1,1,17.55
0,60,9078,0,1,946,0,0,73,1,33,3,2,19.25
1,84,14222,0,0,479,2,1,30,26,54,5,0,21.27
0,84,12777,0,0,877,0,0,72,19,42,6,2,18.39
0,12,11793,0,0,981,2,1,41,1,24,1,0,16.21
1,84,14542,0,1,1053,0,1,81,5,21,4,2,24.01
0,24,11112,0,0,652,2,0,61,20,40,6,2,20.37
0,12,13381,1,1,978,1,0,6,1,28,5,0,15.34
0,24,10117,1,0,191,0,0,89,35,45,1,0,15.41
1,60,8052,1,0,916,0,1,26,1,53,4,0,18.34
1,84,9236,0,1,1040,2,1,50,19,59,5,2,17.11
0,72,10030,0,1,1097,0,1,87,11,47,0,2,16.77
0,72,7482,1,1,1132,0,1,29,8,28,2,1,15.95
0,48,6725,1,0,219,0,1,84,3,30,4,0,24.78
0,36,9305,1,0,429,2,1,49,32,22,0,1,22.29
1,60,13805,1,0,676,2,0,75,12,59,1,1,24.1
0,12,14512,1,1,833,2,0,6,14,23,0,2,16.07
1,60,7672,1,0,234,1,0,46,2,28,2,2,24.83
0,24,10556,1,1,750,2,0,45,35,60,1,1,21.16
0,60,5568,1,0,648,0,1,4,10,43,3,0,19.95
0,72,11514,0,0,903,1,0,45,11,59,2,0,19.36
0,24,8926,1,1,1113,0,0,38,14,53,1,0,15.11
0,12,14426,0,0,1135,1,0,19,5,61,6,2,21.49
0,36,6792,1,1,73,1,0,94,5,46,1,1,23.46
1,12,14308,0,0,690,1,0,62,12,42,1,0,19.49
1,72,7806,1,1,886,1,1,40,24,40,3,2,15.76
0,60,10507,0,1,251,1,0,72,14,46,1,2,22.96
1,48,11200,1,1,66,2,1,60,4,47,3,1,23.09
0,36,11927,0,0,598,1,0,94,21,51,5,1,21.78
0,84,7249,0,0,702,1,1,78,20,46,0,1,22.31
0,84,8683,1,0,623,0,0,22,31,65,6,1,18.83
0,12,8560,1,0,889,2,0,6,6,18,6,2,21.57
0,84,10195,1,0,1117,1,1,27,29,21,5,2,18.49
1,36,5656,0,0,298,2,0,10,34,30,2,2,16.46
0,60,12568,0,1,736,2,0,73,11,47,6,0,23.79
1,24,5660,1,1,506,0,1,29,0,35,5,2,20.31
0,36,9698,0,1,89,0,1,58,21,47,6,1,19.08
1,48,10058,0,0,216,1,1,85,31,19,4,0,18.79
1,48,12612,1,0,323,2,0,44,25,41,1,0,16.78
1,84,10844,1,0,688,1,0,6,12,31,2,1,24.25
0,84,8988,1,0,415,0,0,41,22,68,6,0,15.45
0,60,7577,0,0,1165,0,0,100,24,67,5,2,21.35
0,84,8007,0,1,1110,0,0,11,0,22,6,2,19.32
1,36,5318,1,0,1113,1,0,86,2,62,6,0,16.62
1,24,12562,0,0,465,1,1,22,24,32,0,2,15.64
0,24,8983,0,0,511,2,0,83,19,26,6,0,20.7
1,24,11788,0,1,824,0,1,31,35,32,2,2,24.31
0,24,8686,0,1,795,1,1,51,16,51,1,0,20.5
0,84,10586,0,1,816,2,0,41,0,37,2,1,20.79
0,72,14827,1,0,30,1,0,81,24,33,1,2,24.07
0,72,8629,1,1,321,2,1,69,31,61,0,1,18.64
1,60,6041,1,1,89,1,1,48,22,46,0,1,18.04
0,24,14408,0,1,246,1,0,72,28,48,0,1,17.63
1,36,7708,0,1,1058,0,0,53,16,24,3,0,20.12
0,36,6903,1,1,689,0,1,71,10,64,0,2,23.97
0,72,12755,1,1,32,0,0,22,11,41,6,0,17.95
1,84,14258,0,1,871,0,0,69,0,38,4,0,21.73
0,12,12758,1,1,731,2,1,31,36,63,0,1,18.18
1,12,14621,1,1,124,2,1,98,28,50,3,1,16.74
1,48,6982,1,0,261,1,0,81,19,27,4,2,21.93
1,12,6848,1,0,131,0,0,89,17,30,1,1,22.05
1,72,13310,0,0,501,0,0,75,18,44,2,2,21.64
1,36,13456,0,1,766,2,1,37,18,22,5,0,24.25
1,24,7375,0,0,263,2,1,24,31,43,4,0,15.45
1,72,10603,1,1,355,1,0,51,15,18,1,1,19.31
1,48,7330,1,1,593,1,0,97,8,43,2,1,19.89
1,84,10652,0,1,880,2,1,28,18,43,5,2,17.5
1,36,13823,1,0,81,0,1,60,25,60,0,1,20.82
0,24,5546,1,0,717,0,0,2,13,54,1,2,18.32
0,36,12186,0,0,1072,2,1,7,6,35,6,1,18.71
1,72,9861,0,0,535,0,1,26,25,27,3,2,17.94
1,60,6145,1,0,719,1,0,31,14,28,2,0,17.44
1,84,5196,1,0,1119,1,1,99,32,70,0,2,21.13
0,36,5198,0,0,193,0,1,26,10,27,6,0,15.15
1,72,7724,1,1,865,0,1,25,30,38,3,2,16.22
1,36,9775,0,0,690,2,0,19,25,54,3,2,16.19
1,72,5012,1,0,573,1,1,20,31,62,0,0,21.01
1,60,6725,1,1,718,2,0,25,29,64,3,0,20.38
1,84,10964,0,0,219,0,0,2,28,20,2,2,17.98
1,72,9496,0,0,938,1,0,51,6,54,0,2,23.74
0,48,7062,0,1,23,1,0,50,0,55,3,2,24.89
1,48,14253,0,0,934,1,0,87,30,22,4,1,16.36
0,12,5761,1,0,123,2,1,90,7,69,2,0,22.03
0,84,6237,0,0,345,2,0,60,3,20,5,1,23.98
1,12,9599,1,1,655,1,0,65,6,57,0,2,24.08
1,48,10400,0,0,583,1,1,58,14,63,5,0,20.76
0,24,5612,0,0,929,2,0,70,31,31,2,2,25.0
0,84,14117,1,0,516,1,0,40,6,48,4,0,21.74
0,48,8280,1,0,113,0,0,96,22,23,4,0,22.41
1,48,8538,1,1,697,0,0,14,26,66,1,2,21.06
1,72,10900,0,1,50,2,1,25,6,37,2,2,22.05
1,36,14300,0,1,327,1,1,95,2,20,6,0,18.68
0,36,9269,1,0,137,0,1,34,2,33,2,0,18.86
0,36,7587,0,0,717,1,1,47,15,24,4,1,18.91
1,36,8971,1,1,57,2,0,11,34,27,2,0,17.54
1,84,11106,0,0,1087,1,1,30,36,47,6,1,19.51
1,36,5179,1,0,795,0,1,83,19,67,4,0,24.64
1,48,8656,1,0,239,0,1,42,33,33,4,0,22.82
1,48,10530,1,0,726,2,1,96,8,25,3,0,20.34
0,48,12127,1,0,935,2,1,50,32,24,3,1,18.8
1,60,5873,1,1,1090,0,1,0,30,20,1,1,15.41
1,12,12283,1,1,707,1,1,34,15,47,4,1,18.13
1,84,7572,0,0,820,0,1,42,33,56,4,1,24.56
0,84,9480,1,0,1028,2,0,68,3,21,3,0,18.0
0,60,14161,0,1,542,1,0,19,19,37,2,0,15.58
1,60,7046,0,1,1099,2,0,95,24,61,3,0,16.28
1,24,14295,0,0,832,0,1,7,27,30,6,0,23.32
1,72,11891,1,0,1110,1,1,78,18,68,5,2,15.78
0,48,14888,1,1,1106,0,0,33,20,65,1,2,19.48
1,36,8261,1,1,1199,2,1,9,23,56,2,2,15.4
1,48,12038,1,1,784,0,1,39,4,35,0,0,16.34
0,36,7495,1,1,305,2,0,98,18,31,5,0,20.02
0,12,6530,0,0,1092,2,1,100,13,52,0,1,18.58
1,84,5282,1,1,793,0,0,0,6,52,4,1,15.44
1,72,14998,0,0,610,2,0,29,6,28,3,1,17.79
1,24,12878,1,0,699,2,1,97,11,63,5,0,22.09
0,72,10156,0,1,853,2,1,11,10,52,1,1,15.58
0,60,9941,0,0,704,0,0,52,29,61,1,0,22.79
1,12,13384,0,1,739,2,1,1,6,18,2,1,15.86
0,12,11920,0,1,932,2,0,93,13,34,3,2,20.74
0,48,12579,1,1,880,1,1,32,16,67,0,2,24.29
1,48,11009,0,1,881,0,1,27,21,57,3,0,22.18
0,72,10281,1,0,930,0,0,63,0,58,5,0,17.1
0,84,5053,1,1,373,2,0,77,9,35,4,2,21.2
0,48,9956,0,1,409,1,1,45,29,63,0,0,22.54
0,84,11795,1,1,953,2,0,60,3,70,4,0,22.14
0,36,8426,1,1,790,1,1,43,27,56,2,1,24.71
0,24,5474,1,0,445,2,0,0,1,40,1,2,15.09
1,24,13186,0,0,843,0,0,23,7,65,5,1,15.59
0,24,7628,0,0,530,1,1,49,0,54,2,1,20.44
0,84,6251,0,0,1101,2,1,33,34,36,0,0,20.29
1,12,9786,0,0,419,1,0,45,19,57,4,2,22.41
1,48,8285,1,0,151,0,0,41,12,67,5,1,19.57
1,36,11254,0,1,801,0,0,19,19,38,6,0,15.76
0,36,9318,0,0,522,2,0,29,6,35,1,2,18.08
1,12,11242,0,0,896,1,0,24,16,28,5,0,21.16
0,84,9233,0,1,494,0,1,54,13,38,3,0,18.88
0,72,6378,1,0,584,1,0,100,10,45,5,0,15.24
1,24,5275,0,1,711,1,0,32,24,48,6,2,21.83
1,72,8654,0,0,839,2,0,38,25,46,6,1,19.43
0,60,10268,1,1,646,2,1,72,33,27,6,0,19.46
0,12,7628,0,0,275,1,0,21,26,21,6,2,22.67
1,72,13289,0,0,158,2,1,28,15,62,6,2,17.27
1,72,8578,1,0,978,1,0,49,20,37,5,2,15.47
1,24,10884,1,0,628,2,0,12,26,40,1,1,15.18
1,24,8445,0,1,40,2,1,22,6,51,6,2,15.99
1,84,14560,0,0,666,2,0,25,34,48,5,0,17.81
0,24,7640,1,1,1162,2,0,42,33,57,0,0,21.73
0,12,10514,0,1,462,1,0,70,18,34,0,1,18.0
1,48,8411,0,1,603,2,1,49,7,57,5,1,20.1
1,60,6704,1,1,1081,2,1,94,19,26,5,0,21.58
1,60,11364,1,0,47,2,0,71,16,48,0,2,19.94
1,24,8404,1,0,502,2,0,68,18,27,6,2,17.04
1,48,8343,0,1,249,2,1,27,18,18,0,1,15.09
0,36,13304,0,0,25,1,0,19,11,18,1,0,19.16
1,36,7907,1,1,1159,1,0,36,35,63,2,1,20.62
1,72,9868,0,1,665,1,1,16,4,66,3,0,16.49
1,72,11634,0,1,1115,0,0,5,4,26,6,2,21.26
1,12,7645,1,0,802,0,1,2,2,30,1,1,15.46
1,84,7619,0,0,333,2,0,96,19,19,1,1,20.93
1,84,13577,0,1,1170,0,0,58,3,51,2,0,16.85
0,36,11243,1,1,161,1,1,41,28,43,5,2,22.04
1,24,8031,1,0,195,1,1,62,19,44,4,0,15.65
1,60,8517,1,0,34,1,1,70,14,45,5,2,17.0
1,72,7002,0,0,820,2,1,33,16,60,3,0,20.9
1,24,12208,0,1,552,1,1,26,6,56,4,1,17.24
0,72,6812,0,0,1114,1,0,84,17,43,2,2,22.8
0,12,13519,0,1,438,2,0,19,11,31,0,2,23.11
1,36,12810,1,0,284,2,0,48,3,34,5,2,22.93
1,84,5830,0,0,560,2,1,59,21,22,4,0,24.41
0,24,5573,1,1,274,2,0,7,18,48,5,0,21.03
1,72,11870,1,1,1150,1,1,68,8,68,2,2,15.17
0,72,12425,1,0,261,1,0,75,34,24,5,2,23.61
1,84,6449,0,1,989,2,0,53,31,58,3,2,17.7
1,72,14385,1,1,1136,1,1,74,19,70,4,1,24.63
1,12,10450,0,0,42,2,1,97,0,23,0,1,19.37
1,36,5538,1,1,272,1,1,36,4,53,6,2,20.72
0,36,7559,0,0,230,1,1,62,13,35,6,1,24.5
0,24,7532,0,0,464,1,1,27,23,33,6,0,20.13
1,36,9387,0,1,1149,1,0,88,5,60,3,2,18.69
0,24,13582,1,1,451,2,1,1,32,31,1,2,16.7
1,60,14465,1,1,220,0,1,12,19,51,1,1,22.41
1,12,8770,1,0,291,0,1,51,4,29,2,2,23.72
0,84,7066,0,0,572,0,0,3,14,33,1,0,22.33
0,12,13212,1,0,530,1,0,20,36,57,3,2,23.39
1,48,10507,1,1,1132,0,0,64,36,54,4,1,19.42
1,60,6141,1,1,883,0,1,18,29,26,0,1,22.04
1,12,10137,0,0,345,2,0,49,18,65,5,1,21.24
1,12,14226,1,1,995,2,0,10,1,39,5,0,23.27
1,48,13870,0,1,255,1,0,87,2,62,1,2,15.5
1,36,5198,0,0,1076,0,1,50,6,36,0,2,24.69
0,36,10339,0,1,156,1,0,83,14,40,6,2,22.51
1,36,7395,1,1,1072,0,0,77,20,33,3,2,18.76
1,84,10267,0,1,1071,1,0,93,26,30,0,2,23.71
0,84,11787,0,1,1041,2,1,91,11,20,0,2,21.51
1,84,13894,0,0,777,1,1,18,24,29,3,2,19.99
0,84,13754,1,1,1034,1,1,56,36,57,0,0,19.36
1,84,7989,0,1,250,1,1,89,15,53,6,1,15.17
0,60,9550,0,0,225,0,1,6,34,27,3,2,23.1
0,24,9310,0,0,858,0,1,92,28,32,4,2,15.31
1,84,7809,0,1,442,0,1,63,34,63,3,0,24.75
0,60,9232,0,1,214,1,0,42,8,40,4,0,23.41
1,12,9800,0,0,1160,2,1,84,19,51,1,0,16.64
1,36,6197,1,0,891,1,0,63,1,41,4,0,18.72
1,24,11678,1,0,831,2,1,26,32,60,2,2,19.65
0,36,13422,0,0,711,1,1,93,35,55,4,1,18.86
0,12,5082,0,1,278,2,1,51,32,52,5,2,17.18
1,72,8178,1,0,450,0,1,47,23,49,0,0,17.59
0,24,8713,0,0,488,2,0,69,12,33,3,1,20.76
1,12,7915,1,1,492,2,0,60,26,54,5,1,16.54
0,36,14039,1,0,686,1,0,97,14,38,5,2,18.16
1,12,10727,0,0,616,1,0,20,21,59,1,2,18.66
0,24,5441,1,1,170,1,0,61,15,58,0,2,22.29
0,84,14787,0,0,490,0,1,65,4,63,5,0,17.88
0,36,11629,0,1,640,2,0,8,26,51,3,2,21.93
1,72,11633,1,0,841,1,1,51,9,44,4,1,19.14
0,84,8564,0,1,679,1,0,33,32,27,6,2,20.2
0,36,10966,0,1,387,1,1,75,9,65,6,1,17.23
1,36,7256,0,1,1027,0,1,14,11,50,5,0,18.83
1,24,10044,0,0,892,0,0,24,2,19,0,1,22.46
0,72,9435,1,0,428,0,1,2,14,51,2,1,16.08
0,72,10060,1,0,297,0,1,88,4,38,6,2,21.1
1,48,9820,1,0,808,0,1,17,3,38,2,1,16.53
0,48,9671,0,1,616,2,1,6,34,35,6,0,20.1
0,12,6815,1,1,24,2,1,82,31,35,5,2,15.94
0,60,5960,1,1,549,2,0,89,16,62,0,2,23.47
0,84,14374,0,0,172,1,1,57,33,57,4,0,16.86
0,36,5651,1,0,898,1,1,32,24,53,5,1,24.87
0,24,13372,0,0,1115,0,0,28,27,60,5,0,20.33
1,12,6014,1,1,1194,0,0,63,9,51,3,2,16.4
0,24,11417,0,1,222,1,1,17,24,60,5,2,15.96
1,72,14625,0,0,415,2,0,73,17,19,6,0,21.32
0,24,12155,0,1,880,0,1,56,9,33,4,2,20.7
1,24,14302,0,1,497,0,0,35,17,48,4,2,17.3
0,60,9224,0,0,327,1,0,62,25,46,5,1,20.52
1,60,11765,0,0,671,0,0,54,25,42,2,1,19.65
0,12,6098,0,1,325,0,1,57,1,56,0,0,18.0
1,60,11280,1,0,1172,1,0,65,19,31,6,2,20.38
1,84,14332,1,1,402,0,1,20,33,49,6,2,15.92
1,72,8280,0,1,453,1,1,9,19,58,2,2,17.59
0,24,10042,1,0,90,0,0,99,3,53,6,1,19.48
0,36,12450,0,1,1144,1,1,11,27,70,3,2,18.24
0,72,8869,0,0,315,1,1,14,17,57,2,1,19.24
1,60,6436,0,1,788,1,1,13,4,48,3,0,19.97
0,24,6819,1,0,741,0,0,95,2,57,1,2,22.98
0,72,14446,0,1,114,2,1,53,3,37,5,1,21.54
0,36,5014,1,1,892,0,1,55,1,41,5,2,22.93
1,12,9071,0,0,797,2,1,39,20,69,0,0,19.73
0,84,8438,1,0,842,2,1,73,23,50,2,0,20.04
1,36,9711,0,1,213,2,0,66,34,44,3,0,16.82
1,84,10938,0,1,543,1,1,72,14,23,0,1,15.78
1,12,5192,0,0,696,2,0,36,26,43,5,2,23.31
0,36,12284,0,1,1059,2,0,18,17,23,0,2,19.24
0,60,5826,0,0,980,0,0,41,23,27,0,1,17.69
1,48,8963,1,1,66,0,0,89,8,67,0,2,20.42
0,12,6361,0,1,774,0,0,75,25,23,0,0,18.87
1,60,9833,1,0,4,1,1,57,13,34,1,0,22.17
1,72,14370,0,1,278,1,0,55,33,55,5,1,22.77
1,84,12965,1,1,1187,0,1,43,32,41,2,2,16.24
1,36,6046,1,0,431,1,0,79,1,37,0,1,24.96
0,84,9778,1,0,813,0,1,66,33,47,4,0,16.25
1,36,12458,0,1,1050,0,0,92,12,33,2,2,22.54
0,24,11595,0,0,309,0,1,93,20,25,2,1,15.93
1,12,5860,0,0,304,0,1,50,34,52,4,1,15.33
0,60,11562,1,1,398,1,1,4,5,31,1,0,18.77
1,36,7198,1,0,738,0,1,91,33,62,6,2,23.27
1,12,9311,0,0,150,1,0,59,29,33,1,2,21.98
0,24,7913,1,0,459,0,0,20,9,44,5,2,21.66
1,72,6830,1,1,1061,1,1,31,26,44,1,0,15.29
1,12,10492,1,1,146,1,1,31,15,70,4,2,21.53
1,84,12326,1,1,100,2,1,38,24,31,3,2,21.02
1,48,9583,1,0,133,2,1,18,4,24,3,2,19.37
0,36,13053,0,0,540,0,1,26,16,57,4,0,19.22
1,72,7794,0,0,439,2,1,53,16,67,0,0,16.85
1,12,10808,1,1,296,2,1,56,36,60,6,0,16.34
0,84,13348,0,1,903,2,1,75,10,21,0,1,19.39
0,72,12085,0,1,970,1,0,3,34,32,5,1,24.01
0,24,11043,1,0,1117,1,1,34,36,52,4,0,18.04
1,48,14317,1,0,720,0,1,26,0,52,1,1,23.81
0,72,12165,1,0,596,0,1,33,29,32,3,1,24.22
1,84,7547,1,1,561,0,0,76,10,31,5,2,15.08
1,48,7384,0,0,1023,2,0,77,35,41,2,1,17.05
1,72,7849,1,1,335,0,0,83,5,31,0,1,20.92
0,12,12858,0,1,580,0,0,80,0,37,2,1,19.87
1,72,10350,0,0,940,0,0,30,0,51,4,2,15.02
1,36,9726,0,1,799,2,1,80,23,66,1,2,18.42
1,60,7775,0,1,277,0,0,93,27,25,5,1,16.78
0,36,7072,0,1,490,2,1,44,29,52,5,2,15.92
1,24,9274,0,1,1104,1,0,46,15,31,4,1,23.61
1,72,10535,0,1,279,0,0,64,11,19,3,1,24.85
1,60,8949,0,1,1068,1,1,73,3,62,5,0,24.57
1,12,13636,0,1,829,0,0,33,8,32,5,1,16.24
1,72,7497,0,1,460,0,1,83,7,58,2,1,20.53
0,60,10722,1,1,136,1,0,63,13,32,3,2,24.21
1,24,14634,0,1,321,1,1,25,23,38,2,0,22.72
1,84,6505,1,1,1194,1,1,96,24,51,1,0,19.33
0,84,14165,1,0,97,0,1,62,31,68,5,2,19.17
1,48,14448,1,0,895,1,1,64,35,59,4,1,22.72
0,12,11977,0,1,624,2,1,31,5,41,2,0,21.88
0,84,8243,1,1,1147,0,1,76,10,57,4,2,19.65
0,84,5674,1,0,971,1,1,52,25,67,6,0,17.4
1,84,6893,0,0,346,2,0,35,10,46,6,0,19.52
1,24,5544,1,0,10,1,0,79,22,30,1,2,20.94
0,84,11020,0,1,896,0,0,19,23,57,2,2,16.0
0,36,6227,1,0,679,2,1,96,27,24,4,1,17.22
1,84,7191,0,1,510,0,1,14,10,50,6,0,15.86
1,72,14254,1,0,175,1,0,61,14,59,3,1,24.84
0,24,12295,0,0,287,0,1,49,31,45,2,0,17.38
1,72,7643,1,1,593,0,0,68,27,25,5,0,22.08
1,36,9292,1,1,357,0,0,66,34,19,0,1,23.15
0,48,12217,1,0,794,1,1,79,1,54,5,2,21.21
0,60,10577,0,1,859,2,0,53,30,46,0,0,16.01
0,48,12023,0,0,248,1,0,42,21,53,2,1,24.35
0,72,13830,0,0,983,2,1,4,25,65,5,0,16.85
0,60,7562,0,1,596,0,1,30,27,41,6,0,15.36
1,60,10814,1,0,211,1,1,63,13,40,3,2,24.92
0,72,6876,1,0,1172,1,0,20,36,36,1,1,22.69
1,72,11994,0,1,400,1,0,59,28,25,5,0,20.16
0,72,10262,0,1,671,0,1,65,7,27,0,1,21.09
0,72,5176,0,0,215,2,0,17,20,47,0,0,17.43
1,12,8724,0,0,369,1,1,2,19,48,3,2,16.19
0,12,9423,1,0,1043,1,1,15,31,61,5,2,16.07
0,72,14994,1,0,449,2,1,1,11,28,0,1,17.05
0,24,8656,0,1,391,1,1,21,25,46,0,2,16.77
1,48,13927,1,1,1036,1,0,34,4,30,3,0,21.49
1,60,5699,0,0,462,0,0,80,6,50,5,0,19.3
0,60,13850,1,0,1008,0,0,39,26,47,0,1,19.71
0,12,10537,1,1,924,1,0,5,12,63,5,1,17.1
1,60,12898,0,0,800,2,0,13,6,44,6,1,20.73
0,60,12938,1,1,1128,2,0,56,27,52,6,2,17.16
0,84,6423,1,1,1094,1,0,81,21,24,5,2,23.56
0,72,11751,0,0,103,1,0,71,1,29,5,1,21.79
0,60,6712,1,0,467,0,0,66,32,28,0,2,20.33
0,48,13884,0,0,673,0,0,1,27,59,5,1,20.67
1,60,5844,0,0,619,2,0,73,27,45,0,1,15.29
1,24,10726,1,1,83,2,0,8,31,48,0,2,20.12
1,72,14038,0,1,921,0,1,62,24,57,6,2,22.12
0,12,14219,0,0,685,2,1,31,20,60,4,1,23.37
1,84,5314,1,1,1063,1,0,65,4,23,5,2,16.53
0,12,8088,0,0,914,2,0,50,24,57,6,1,23.58
0,24,6079,0,0,591,2,0,22,5,61,6,2,17.49
0,60,7859,0,0,206,2,1,52,29,30,3,2,19.41
1,60,10735,1,0,511,1,0,12,29,60,6,0,24.52
0,72,13202,1,1,693,0,1,17,17,68,3,1,24.32
0,12,10764,0,0,93,2,1,78,2,25,4,0,17.52
1,72,5044,1,1,761,0,1,41,17,44,6,1,17.66
0,24,12047,0,0,1057,0,1,92,3,37,3,2,16.76
0,24,7336,0,0,131,1,0,42,19,20,3,0,23.51
1,84,9639,0,0,1068,2,0,11,8,56,2,2,23.0
1,36,8468,1,1,705,0,1,51,32,69,2,1,24.46
0,12,12825,1,1,142,1,0,15,28,69,6,1,20.95
0,36,7694,1,0,279,0,1,9,19,36,1,2,16.53
0,12,14738,1,0,767,0,0,40,35,18,0,1,17.55
1,48,8172,1,0,246,0,1,35,12,56,5,1,24.54
0,36,8025,0,1,452,2,0,70,16,70,2,2,19.17
1,12,9909,0,1,22,1,1,73,5,43,5,2,20.62
0,48,13014,0,0,844,2,0,46,33,57,2,1,21.67
0,24,14093,0,0,879,0,0,60,10,46,3,1,17.04
1,12,6345,0,0,920,1,1,71,20,70,1,1,19.09
1,48,8906,1,0,921,0,1,60,10,69,5,2,16.64
1,48,9116,0,0,20,2,1,88,32,19,1,0,21.54
1,60,11208,0,0,58,0,1,19,36,22,6,2,17.45
0,60,5448,0,1,939,2,0,23,4,36,6,1,24.99
1,84,8854,0,0,834,1,0,85,25,37,0,0,15.48
0,84,11558,0,0,5,1,1,47,32,38,1,0,22.92
1,36,10080,0,0,601,0,0,27,36,18,2,0,16.16
0,12,6399,1,1,261,2,0,98,26,35,3,2,16.82
1,48,8494,1,0,416,1,1,7,27,33,6,0,17.83
1,24,10137,0,1,51,0,1,31,34,18,1,0,21.78
1,48,10971,0,0,271,1,0,98,33,53,4,1,20.47
0,12,10481,1,1,542,0,0,55,25,31,4,2,24.18
1,60,8558,0,0,425,2,1,36,14,41,6,2,17.09
0,60,12489,1,1,1113,0,1,55,12,61,1,1,16.97
0,48,13001,1,1,601,0,1,87,3,26,2,1,15.26
0,12,11076,1,0,874,0,1,99,11,49,5,1,24.62
0,12,11540,1,0,965,0,1,50,12,43,3,2,15.31
0,48,10370,0,0,773,0,0,64,6,59,5,1,21.71
0,24,5953,1,0,673,0,0,31,35,28,6,0,22.63
0,84,7346,1,0,10,2,0,80,6,59,2,0,17.57
0,24,6141,1,1,695,0,0,28,33,37,6,2,17.28
1,72,10725,1,0,564,2,1,32,14,45,4,0,20.02
0,24,6789,1,0,412,1,0,28,6,61,4,1,21.93
0,24,5162,1,1,324,2,0,14,16,28,4,1,19.28
0,24,7410,0,1,203,2,0,28,12,43,4,1,22.42
0,24,13009,0,0,1099,2,0,91,13,26,3,2,18.2
0,84,7426,0,0,536,1,1,37,8,68,5,1,15.59
0,48,5036,1,1,898,1,1,21,31,24,6,1,22.86
0,48,7759,1,1,357,1,0,31,3,28,6,1,23.79
0,72,11399,0,0,0,2,0,14,1,65,5,1,21.4
0,12,7748,0,1,9,1,0,92,10,46,4,0,16.35
1,48,6527,0,0,575,0,0,89,5,49,5,2,24.78
0,36,6864,0,1,898,0,0,9,3,55,3,2,23.3
0,12,13417,1,0,163,0,0,99,23,29,1,0,24.28
1,36,8380,1,1,686,1,0,94,16,29,4,0,18.35
0,24,10666,0,1,220,2,0,88,0,19,4,2,19.59
1,60,7795,1,1,81,2,0,81,8,43,2,1,22.51
0,72,6780,0,1,1183,1,1,55,0,33,5,1,15.51
1,24,13890,0,0,285,0,1,70,9,59,5,2,23.18
0,60,14861,0,0,610,1,1,98,5,32,5,0,17.03
0,36,10325,0,0,882,0,0,38,27,69,6,1,15.35
1,84,13144,1,1,969,0,1,31,17,47,1,2,15.43
0,48,10811,1,0,105,0,0,27,6,57,1,0,21.32
1,48,14418,1,1,1024,1,1,13,15,34,0,2,18.15
1,36,14280,1,0,193,2,0,91,11,43,3,0,18.07
0,84,7270,0,0,541,1,1,18,23,18,2,0,18.04
1,36,11968,1,0,506,1,0,14,4,51,2,2,15.5
0,60,14543,1,1,358,0,0,21,18,18,6,0,24.91
0,12,11141,0,0,681,0,1,31,4,62,3,2,15.73
0,72,8533,1,0,147,0,1,89,4,48,4,2,15.32
1,84,12327,1,1,1116,0,0,4,1,49,5,1,23.82
1,60,6999,1,0,4,2,1,39,7,52,5,2,24.88
0,12,11731,0,0,28,0,0,15,12,29,6,2,23.31
1,84,13935,0,0,206,0,1,20,13,41,5,0,22.25
1,60,13386,0,0,685,0,0,37,18,30,0,1,24.45
1,48,5791,0,0,595,1,0,66,36,46,1,1,18.27
0,36,7560,0,1,334,2,0,86,15,51,0,2,15.72
1,36,10802,1,1,208,2,0,53,34,43,0,0,22.22
1,36,5724,0,1,635,1,1,65,32,24,4,1,21.96
0,60,12145,0,1,994,2,1,92,23,29,2,1,15.52
0,60,11169,1,1,106,2,0,91,16,68,6,1,20.49
0,60,11491,0,1,1022,2,1,49,15,57,5,1,16.51
1,72,6421,0,1,168,0,0,98,4,54,6,0,20.42
1,12,10069,0,0,163,2,0,8,10,65,5,1,24.06
0,84,7332,1,1,334,2,0,70,1,53,1,0,19.27
0,48,14618,1,0,977,0,0,39,20,21,6,0,20.24
1,84,10236,1,1,595,0,0,16,24,49,3,1,15.07
0,36,9910,0,0,338,0,1,23,11,19,1,2,15.48
0,84,6270,0,1,1155,1,0,61,19,23,1,1,24.59
0,24,7909,0,0,94,2,1,54,33,46,2,0,19.35
1,24,11616,1,0,965,1,1,80,24,42,1,1,15.6
1,72,12005,1,0,839,0,0,35,1,19,4,0,24.32
0,48,10868,1,0,171,0,0,56,9,45,2,1,18.08
0,84,12756,1,0,130,1,0,15,24,35,5,1,15.84
0,12,11770,0,1,645,1,0,20,13,53,6,0,15.0
1,24,12669,1,1,1069,1,0,67,7,65,6,2,22.02
0,60,6591,0,0,659,2,1,93,19,22,0,2,19.05
1,12,13453,0,1,937,0,1,29,5,43,6,1,22.87
1,60,13030,0,1,379,2,0,78,27,20,3,2,21.82
1,72,8837,1,0,400,2,0,65,5,45,4,1,18.4
0,60,9323,0,0,122,0,0,65,7,21,5,0,19.62
1,24,10597,1,1,335,2,1,35,11,38,1,2,24.78
0,84,14971,0,0,11,0,0,57,2,36,6,0,17.61
1,48,14972,0,0,664,2,1,95,35,54,0,1,24.74
1,84,11653,0,0,416,1,1,50,33,24,3,0,15.05
1,84,9994,1,1,973,2,1,47,2,25,1,2,18.43
0,36,14203,1,1,459,0,0,63,16,24,2,0,24.43
0,72,12063,1,0,706,2,0,80,11,21,1,2,16.51
1,24,12975,0,1,452,2,1,17,16,20,1,1,19.67
1,12,11179,0,1,556,0,0,6,4,21,2,0,15.67
1,24,9661,0,0,543,0,1,43,6,25,3,2,23.71
0,72,9049,0,0,144,0,0,21,15,42,2,2,17.94
0,72,14454,0,0,901,0,1,47,13,20,3,2,19.35
1,24,13178,0,0,80,2,1,7,18,47,2,1,15.87
1,12,8601,0,1,284,1,0,85,10,53,6,0,17.84
0,72,11551,1,1,395,1,1,4,36,38,5,0,20.94
1,24,8078,0,0,440,2,0,83,31,35,1,1,15.08
0,24,10610,1,0,1193,1,1,37,33,68,3,0,20.83
0,72,13896,1,1,376,0,1,82,5,32,4,0,22.77
0,24,7875,0,1,684,2,1,78,33,48,1,0,15.15
1,12,11912,1,1,80,2,0,95,24,27,2,0,24.33
0,60,13734,1,0,1167,2,1,76,3,67,6,0,17.22
1,72,11202,0,0,48,1,0,72,28,24,3,1,20.79
1,24,5415,0,1,693,2,1,23,30,27,1,1,15.04
0,24,6841,0,1,21,1,0,68,7,27,2,0,24.52
0,72,8106,0,1,628,0,0,40,16,36,1,0,15.33
1,12,13682,1,1,300,1,0,55,36,47,6,2,18.27
1,72,10581,1,0,848,0,0,93,23,56,1,0,22.86
1,36,11156,1,1,419,0,1,79,33,53,1,1,17.37
0,24,8124,0,0,1110,1,0,83,14,43,3,1,22.69
0,84,7933,0,1,1077,0,1,58,0,50,6,2,20.65
1,72,13403,1,1,1131,2,0,69,17,32,3,1,21.81
0,72,8682,1,1,987,1,1,53,0,19,3,1,20.61
1,48,7101,1,0,407,0,0,84,22,36,6,1,23.37
1,48,6689,1,1,918,0,0,29,15,34,1,2,23.44
0,12,11013,0,1,653,2,1,64,17,24,5,1,24.83
0,48,7265,1,1,995,2,0,18,20,32,4,2,19.58
1,12,8600,0,0,1089,1,1,56,7,27,6,2,22.5
0,12,14997,0,0,967,2,0,76,8,59,3,1,22.75
0,72,6280,0,0,214,1,1,5,8,28,3,2,23.41
1,48,7932,0,1,1088,0,1,52,25,23,3,2,24.06
0,48,13535,1,1,62,0,1,22,16,69,0,1,21.47
0,60,5882,1,0,38,0,1,56,36,51,0,0,19.02
0,48,9750,0,1,307,2,1,60,22,70,2,1,24.03
1,60,14017,1,0,345,1,0,36,22,18,4,2,16.12
0,12,9520,1,0,698,1,0,26,6,51,5,1,16.17
0,24,6742,0,1,232,2,0,67,7,25,0,0,15.23
1,72,9080,1,1,398,1,1,58,11,61,6,0,22.76
0,60,10931,1,1,903,0,0,61,18,56,0,1,20.13
1,60,10457,0,0,1057,2,1,80,22,49,1,2,22.2
0,24,13865,0,0,458,1,0,81,1,60,3,2,24.88
0,36,6985,1,1,903,1,1,84,7,24,4,1,15.3
0,60,9584,0,0,495,2,0,23,8,65,2,2,22.6
1,36,11430,1,1,950,2,1,41,32,23,6,2,20.25
0,60,5042,0,0,1015,1,1,45,3,60,4,0,20.31
0,60,12127,1,0,153,1,1,78,36,53,3,2,15.54
1,12,13585,0,1,6,0,0,40,22,66,5,1,16.87
0,72,5554,1,0,773,2,0,100,30,64,3,1,18.84
0,84,11590,1,1,67,2,0,92,31,46,4,2,20.7
0,48,8190,1,0,584,0,0,67,28,68,2,0,21.84
1,24,5829,1,1,1069,1,0,35,1,39,2,0,16.12
0,12,11837,0,0,632,1,1,49,36,62,4,2,17.36
0,48,8608,0,0,1007,0,1,84,9,57,5,0,16.26
1,48,10863,1,0,254,2,0,93,30,26,2,0,24.52
1,72,8776,1,0,733,1,1,48,34,50,3,2,23.06
1,72,10720,1,1,535,0,1,9,8,51,2,2,20.56
1,36,10378,0,0,858,1,1,56,2,45,5,1,22.62
0,48,14253,1,1,265,1,1,4,2,44,2,0,23.07
1,84,6753,1,1,985,1,0,27,11,48,4,1,23.48
1,60,5961,1,0,97,1,1,18,30,41,5,2,22.26
1,84,6612,0,0,903,0,1,92,2,39,5,2,18.77
0,60,13255,0,1,1146,0,1,100,33,65,6,1,17.97
0,72,6635,0,1,680,1,0,26,18,50,0,2,18.71
1,84,13141,1,0,1009,0,0,75,36,31,6,1,21.83
0,24,8726,1,0,47,1,0,82,16,60,2,1,22.6
0,72,10167,0,0,970,0,0,42,34,42,6,1,17.76
0,60,9167,1,1,1078,0,0,71,3,67,6,2,22.34
0,36,9606,1,0,455,1,1,97,29,37,1,0,22.89
1,60,10462,0,1,414,2,0,64,16,36,4,0,22.9
1,84,12462,1,1,1083,0,1,93,9,39,1,2,16.86
0,36,9285,0,1,97,2,1,31,6,44,0,0,19.41
0,72,14372,1,0,1176,0,1,88,5,64,1,2,15.55
1,36,7722,1,1,402,1,0,4,22,59,2,1,15.27
1,84,14334,0,1,1016,0,1,5,0,63,3,2,23.71
1,84,9084,0,0,439,2,0,55,27,29,0,1,20.65
0,48,13034,0,0,1083,2,0,42,30,38,2,0,16.19
1,84,5564,1,1,1078,2,0,54,13,42,0,1,15.59
1,84,7512,1,0,1129,1,0,5,6,29,1,1,21.0
0,36,11884,0,1,290,1,1,46,4,70,2,1,16.09
1,12,14342,0,0,1065,0,1,35,34,48,3,0,20.32
1,12,6845,1,1,193,2,0,79,33,54,5,2,17.05
1,60,5310,0,0,1168,2,0,38,36,59,5,0,22.32
0,48,9893,0,0,84,0,1,100,19,38,4,1,20.77
1,36,9264,1,0,13,1,1,62,25,46,0,2,19.78
0,84,13471,0,0,290,2,0,43,8,70,4,2,16.3
0,12,6474,1,0,458,1,1,61,14,69,4,2,22.36
0,84,6807,0,0,731,2,1,38,15,32,4,1,21.95
0,24,11242,0,1,566,0,1,57,32,30,1,1,17.07
0,60,11504,0,1,864,1,0,7,36,37,4,1,20.84
0,84,11925,1,1,90,1,0,54,9,20,1,1,22.59
1,48,6038,0,1,55,2,0,16,10,35,6,2,15.79
1,48,5400,1,0,1056,1,0,89,5,64,1,2,16.15
1,60,11652,0,1,106,2,0,52,32,70,2,0,18.65
1,72,7382,0,0,379,1,1,49,21,21,4,0,20.84
1,12,9097,0,1,1046,2,0,11,11,37,6,0,18.22
1,36,10962,1,0,736,0,0,54,13,51,2,2,20.71
1,72,6832,0,1,707,0,1,75,30,67,5,1,19.7
1,84,13647,0,1,978,1,0,98,17,26,0,1,19.08
0,72,5274,0,0,920,0,1,83,19,61,1,2,18.43
0,24,14351,1,0,202,0,0,99,25,44,3,1,15.09
0,72,11087,0,1,1108,0,0,28,25,32,3,2,15.53
1,36,5037,1,1,767,0,0,73,8,70,4,0,22.49
1,48,14958,0,1,1159,2,1,64,32,49,5,1,20.69
0,48,12855,0,1,561,2,0,66,7,43,6,0,23.83
0,12,14755,0,1,723,0,0,61,10,42,1,1,15.37
1,84,12571,0,0,238,2,1,18,8,27,6,0,23.9
0,84,8343,0,1,1120,2,1,26,19,47,1,0,17.79
0,36,10526,1,0,527,0,1,93,7,70,6,1,23.73
0,36,14433,0,1,693,2,1,15,5,59,4,0,23.68
0,48,12491,1,1,745,0,0,78,26,48,5,1,24.7
1,60,7685,0,1,940,2,0,54,1,40,2,1,19.92
1,12,11202,0,1,744,2,0,64,28,32,1,0,20.63
1,12,7833,0,1,769,1,0,57,19,29,6,2,20.74
0,60,8818,1,1,988,1,0,31,21,64,5,1,17.79
1,84,5158,0,1,343,2,1,38,1,40,5,0,24.47
1,12,7318,1,1,194,2,0,72,35,48,0,2,20.61
0,84,8297,1,0,790,2,0,65,17,48,0,2,22.81
1,48,10047,0,0,463,0,1,87,6,67,3,2,16.34
0,60,13747,1,1,471,2,1,69,25,28,4,2,21.58
0,72,8540,1,1,602,0,1,18,25,45,6,0,22.75
1,12,7142,1,0,461,2,0,74,2,51,1,2,20.3
0,36,5817,1,1,981,0,0,28,31,65,2,2,24.1
0,84,9978,1,1,1179,2,1,26,13,70,6,1,16.12
0,84,10637,1,1,759,1,0,92,16,33,6,1,17.93
0,72,9054,0,0,197,2,1,24,31,58,1,0,23.81
0,72,8570,0,0,532,0,1,87,12,65,6,1,22.84
0,48,10272,0,1,1132,1,1,78,17,57,1,0,16.12
1,72,6207,1,1,696,2,0,22,10,19,2,2,24.68
1,84,8489,1,1,420,0,0,54,33,64,4,0,20.61
0,36,9579,0,1,442,0,1,95,15,23,4,2,21.44
1,12,14206,1,0,680,1,1,13,21,63,4,0,15.8
0,72,14630,0,0,399,2,1,17,32,31,4,0,21.03
0,84,6383,0,0,125,0,0,19,4,19,6,2,18.35
0,72,5554,1,0,266,1,1,77,10,41,6,2,22.54
0,36,10615,0,1,749,1,0,43,15,62,0,1,15.05
1,48,9233,1,0,8,0,1,71,15,63,6,0,19.88
0,12,13183,0,0,488,0,0,9,22,63,1,2,19.43
1,48,13406,1,0,176,2,1,26,27,62,4,0,23.2
0,60,13649,0,0,918,0,1,35,17,32,0,1,23.84
0,72,5329,1,0,294,0,1,51,36,56,3,2,19.73
0,12,5386,0,0,545,0,0,18,28,33,1,1,20.41
0,48,13155,0,0,675,2,0,44,22,50,2,0,17.34
0,72,10468,0,0,40,1,1,98,6,36,2,2,17.29
1,60,12719,1,0,171,1,1,67,7,22,6,0,23.37
0,60,6350,1,1,800,2,0,11,4,65,1,0,15.98
0,12,12891,0,1,91,2,1,60,36,70,5,2,15.36
1,60,8174,1,1,1045,0,1,53,19,38,5,0,20.87
1,24,12763,0,1,587,1,0,55,20,22,0,0,18.57
1,48,6356,0,0,430,1,1,39,33,42,3,1,21.98
1,36,7288,0,1,1051,1,1,9,6,43,1,0,19.15
1,60,8602,1,1,717,2,1,59,13,67,6,0,17.34
1,48,13721,1,1,1181,1,1,7,23,45,6,0,17.39
0,12,8102,1,0,1058,0,1,97,13,51,3,0,19.25
1,84,10308,0,0,190,2,1,59,3,34,0,0,20.83
1,36,5659,1,0,459,1,0,29,34,29,6,2,21.14
0,72,13421,0,0,561,2,0,95,36,70,1,0,22.52
1,72,14238,0,1,20,1,1,61,22,49,0,2,24.67
1,24,8061,0,0,319,1,0,77,1,57,2,1,17.46
0,72,13821,1,0,623,0,0,4,31,69,5,2,18.15
1,48,13846,1,0,694,2,1,91,29,47,1,0,18.42
0,24,6492,1,1,1041,1,0,84,10,22,1,0,18.91
0,24,5010,0,1,1167,1,1,97,5,34,1,0,20.16
1,12,10620,0,1,447,1,1,31,28,65,3,2,23.18
1,12,13968,0,1,585,0,0,43,34,26,1,2,21.12
0,60,12356,0,1,470,2,0,48,5,50,0,0,19.78
0,36,13359,1,0,628,2,1,66,27,34,3,0,16.65
1,48,9639,1,0,103,2,0,41,0,59,4,0,19.62
1,72,14611,0,0,725,2,1,44,11,26,3,1,20.25
1,48,12178,0,1,1075,1,0,68,27,20,6,0,24.55
0,24,12152,1,0,301,2,1,18,8,45,5,1,17.16
0,24,12767,0,1,974,2,1,68,6,56,3,1,15.01
1,48,11688,1,1,942,1,1,14,31,69,6,1,17.14
0,84,9997,0,0,537,0,1,72,28,30,4,2,22.52
0,36,11198,0,0,1091,2,1,93,12,24,0,0,15.83
0,12,11982,0,1,496,1,0,99,21,37,0,1,19.36
1,36,8678,1,1,722,1,1,59,16,66,5,1,24.7
1,48,7095,1,1,388,0,1,6,2,36,4,1,18.07
1,48,6179,0,0,721,0,0,91,22,21,1,0,20.23
1,84,5838,1,1,892,2,1,21,24,42,6,2,19.25
1,48,13149,0,0,667,0,0,35,22,39,4,1,24.66
0,24,7287,1,1,984,1,1,71,33,42,4,0,21.01
1,36,12004,1,1,223,1,1,50,3,28,6,1,16.18
1,24,10332,0,1,919,2,0,45,36,48,4,1,15.62
0,72,6308,0,0,174,1,0,39,4,40,6,0,18.08
1,60,11745,0,0,848,2,1,48,6,62,1,2,16.95
0,12,11207,0,0,1103,0,0,96,25,61,5,0,19.74
1,48,10745,0,0,343,0,1,18,6,51,4,0,23.1
1,24,13056,1,1,55,0,1,29,8,32,0,2,18.05
0,84,6498,1,1,757,1,0,45,35,23,1,0,20.69
1,36,5873,1,1,773,2,0,35,13,58,2,2,17.98
0,84,14942,0,1,745,1,0,21,3,19,1,1,21.34
1,72,5749,1,0,382,1,0,82,20,46,4,1,17.28
1,12,14013,0,0,1186,2,1,58,1,62,2,2,20.65
0,12,9649,0,1,146,1,0,74,11,30,2,2,21.68
1,36,9695,1,1,826,1,0,94,24,54,4,0,15.86
1,12,5271,1,1,866,2,1,25,31,24,6,1,23.43
1,12,13119,0,0,817,1,1,45,31,27,4,2,24.74
1,12,9087,1,1,461,1,1,11,26,40,3,1,21.64
1,24,8481,1,0,717,2,1,92,29,21,3,1,16.33
1,84,7734,0,1,508,0,0,35,19,66,2,2,22.07
1,12,13680,1,1,334,1,1,46,9,49,0,0,23.52
0,36,12889,0,0,450,2,0,94,3,60,3,0,18.71
0,48,11583,0,0,1097,1,0,24,30,23,1,2,22.2
0,36,12605,1,0,253,2,0,7,15,54,4,0,15.16
0,48,7291,0,1,943,1,0,68,13,57,2,2,20.26
0,48,10046,0,1,848,1,1,1,27,47,0,2,20.7
0,12,10258,1,1,451,1,0,12,1,57,5,1,15.62
1,84,14394,0,0,145,2,1,41,10,53,1,0,18.23
0,60,12058,0,0,370,2,0,89,12,67,1,2,19.53
1,60,11084,0,1,811,0,0,98,15,20,5,1,21.82
0,48,6596,1,0,136,0,1,9,4,35,1,2,20.28
0,72,12026,0,1,784,2,0,39,17,62,6,1,23.79
0,60,8065,0,1,552,0,0,70,24,27,2,1,22.75
0,84,6165,1,1,801,2,0,32,27,34,3,2,23.5
0,72,8574,0,0,176,2,0,79,11,62,0,1,24.59
0,12,8122,1,1,181,0,0,68,20,40,1,1,18.41
1,60,14067,1,0,31,2,1,83,2,46,1,0,19.64
1,84,13359,1,1,305,0,0,19,10,31,1,1,17.09
1,72,13692,1,1,228,1,0,88,25,25,2,0,24.69
0,72,7546,0,1,77,0,1,60,10,29,5,2,15.18
0,12,6999,1,1,272,2,0,62,31,69,5,1,18.1
1,24,9349,0,0,1078,0,1,25,15,70,2,0,24.38
0,84,9894,0,0,842,2,1,42,7,27,1,1,17.01
1,36,6232,0,0,925,1,0,2,23,43,3,2,18.91
0,36,5602,0,1,407,1,1,1,6,45,6,0,22.88
0,48,5436,0,1,373,1,0,38,15,62,3,2,20.41
1,24,13984,1,1,482,2,0,70,33,44,4,0,19.19
1,12,9905,1,1,816,0,1,45,18,42,2,1,19.59
1,48,7555,0,0,889,1,1,38,31,40,6,1,15.11
0,12,7336,0,0,259,1,0,71,8,27,4,1,22.67
1,72,12060,0,0,356,2,0,18,16,48,5,2,24.31
0,12,11384,1,0,30,2,1,37,27,56,4,1,17.31
1,72,6488,0,0,764,0,0,40,23,45,6,1,22.72
0,84,5330,0,1,380,1,0,35,21,26,4,2,22.39
0,36,10241,0,1,367,2,1,91,19,56,3,0,18.11
0,48,5985,1,0,595,1,0,63,31,38,1,2,17.75
1,12,5984,1,1,707,1,0,40,21,65,6,1,18.54
0,72,5280,1,1,576,1,1,8,11,20,2,2,21.09
1,24,13707,1,0,424,1,0,92,12,63,6,1,18.18
1,84,13519,0,0,561,1,0,31,0,32,1,1,22.24
1,60,6846,0,0,288,0,1,35,31,36,3,2,18.65
1,72,14867,1,1,633,0,1,27,35,51,4,0,24.35
1,60,13267,1,0,1129,2,1,74,22,43,3,2,20.95
1,48,9488,0,1,973,2,0,99,10,40,2,2,24.76
1,48,6374,0,1,712,0,0,94,35,29,4,1,23.68
1,84,8455,1,1,354,0,0,59,11,64,0,1,22.7
1,36,9220,1,1,578,0,1,8,32,56,0,2,16.07
1,36,13575,1,0,158,1,0,74,22,31,5,1,24.74
0,12,14424,0,1,417,2,0,88,9,35,4,0,15.89
0,12,14401,0,1,267,1,0,77,27,63,4,1,16.43
1,12,12268,1,1,702,0,1,67,5,28,3,2,19.57
0,24,12194,1,0,998,2,1,8,28,54,3,1,24.82
0,12,5671,1,1,928,0,1,59,2,50,3,0,19.07
1,72,12686,1,1,649,0,1,76,15,61,1,2,23.83
0,48,11756,1,0,420,0,0,69,35,63,3,1,21.4
1,84,10018,0,0,1190,2,0,71,20,31,2,2,23.22
1,36,11765,1,0,848,1,0,59,3,56,0,2,22.46
0,24,6103,0,0,796,2,0,69,16,56,0,1,21.12
0,84,6242,0,0,598,0,1,65,7,19,5,2,16.29
1,24,10688,0,1,363,0,0,15,15,56,4,1,24.87
0,48,10519,0,0,828,0,1,36,20,60,6,1,23.46
0,60,6228,1,0,621,1,0,13,19,65,3,1,21.8
1,84,13949,0,1,420,0,0,64,11,57,4,1,17.92
1,36,12965,0,0,930,0,0,3,11,31,5,0,20.22
0,36,5199,1,0,916,1,0,43,29,67,2,0,18.55
0,12,7019,0,1,1119,1,1,61,23,67,4,2,20.29
0,24,11352,1,1,341,1,1,52,22,63,4,1,20.11
0,36,12881,1,0,150,2,1,84,29,61,5,0,15.19
0,12,5667,0,0,1091,1,1,55,9,53,0,2,19.69
1,72,14183,0,0,514,2,1,24,12,49,1,1,15.42
0,48,10805,1,1,521,1,0,73,2,47,5,0,21.83
1,84,7030,0,1,1039,0,1,29,13,35,3,1,15.13
0,72,10071,0,0,1041,1,1,66,10,18,2,1,18.52
0,24,5757,1,1,17,1,1,33,32,30,6,1,21.86
0,60,14000,0,1,363,0,1,3,17,38,1,2,18.71
0,12,9146,1,1,824,0,0,94,10,34,3,2,20.83
1,84,5109,0,0,944,2,1,33,25,21,4,1,24.73
0,36,13723,1,1,253,0,1,79,26,33,3,2,18.39
0,24,14432,0,0,266,1,0,34,26,60,5,0,23.41
1,60,12131,1,1,1073,0,1,46,31,30,0,0,16.63
0,84,13725,0,0,486,0,1,44,1,51,3,2,21.65
1,12,13528,0,0,207,1,1,51,13,61,6,1,22.65
1,24,5293,1,1,208,1,1,89,30,26,1,1,24.88
0,60,5386,0,1,790,2,0,91,29,65,3,1,22.12
0,24,10848,1,1,222,1,1,88,18,58,2,1,20.01
0,24,5839,1,0,515,1,0,14,14,48,0,2,21.87
0,24,6307,0,0,310,2,1,95,18,61,5,2,20.77
0,36,10707,1,1,140,2,1,45,32,54,5,1,16.3
0,72,8285,1,1,587,1,0,39,24,25,2,2,23.13
0,12,10450,0,0,1088,1,0,90,36,60,1,0,20.67
1,84,6773,1,1,1180,2,0,6,34,56,6,1,21.78
1,12,7821,0,0,405,0,0,27,31,35,2,2,21.32
0,60,10733,0,0,477,2,1,33,10,26,1,2,15.56
1,72,12752,1,1,582,0,1,62,1,36,2,0,16.77
1,84,7465,0,0,5,1,0,9,29,68,3,0,17.32
0,36,12770,0,1,1144,1,1,37,11,45,5,2,22.96
0,36,9401,0,0,1042,2,0,26,9,27,0,0,20.93
0,72,6325,0,0,813,2,0,90,0,43,6,0,20.45
1,84,10486,0,1,345,2,0,8,5,19,4,1,17.4
0,12,11910,0,0,615,1,1,80,13,53,4,1,15.28
0,36,14519,0,0,233,0,0,78,8,38,0,0,22.61
1,24,12815,0,0,709,1,1,54,13,41,1,2,20.93
